train_X_1,train_X_2,train_X_3,train_X_4,train_X_5,train_Y,C1
0.47510719299316406,0.592523992061615,0.4944792091846466,0.3138517439365387,0.9560918211936951,-39.0,-0.767028250595608
0.5856140851974487,0.4016727805137634,0.9352009296417236,0.8119487166404724,0.00011735036969184875,-39.0,0.1942275042835672
0.9311017394065857,0.7998992800712585,0.19228631258010864,0.1789475977420807,0.36964038014411926,-39.0,-0.25925249096764885
0.20569952726364135,0.9052157759666443,0.1688785910606384,0.11718033780341593,0.576800035169383,-39.0,-0.4085009620600749
0.2857815265655518,0.9650498270988465,0.11794481873512266,0.13538235492755737,0.8221825740097557,-39.0,-0.6010714585981171
0.16335358023643493,0.9776618361473084,0.14011590480804442,0.08294757820073273,0.9514748221610396,-38.999996185302734,-0.5836207007942668
0.7241055965423584,0.9911866068840027,0.15105407834053036,0.02628644519503498,0.5833845200280191,-39.0,-0.4007669910738505
