train_X_1,train_X_2,train_X_3,train_X_4,train_X_5,train_X_6,train_X_7,train_X_8,train_X_9,train_X_10,train_X_11,train_Y,C1
0.47510719299316406,0.592523992061615,0.4944792091846466,0.3138517439365387,0.9560918211936951,0.08330223709344864,0.09876348823308945,0.3474661111831665,0.8469153642654419,0.7615082859992981,0.8828067779541016,-39.0,-0.6379727580459674
0.9187631011009216,0.2862500250339508,0.5051088929176331,0.6896172165870667,0.27230095863342285,0.8246564269065857,0.6974778771400452,0.5748164057731628,0.3590169847011566,0.29750150442123413,0.02517954260110855,-38.02969741821289,-0.7816240440923555
0.5260750651359558,0.8038745522499084,0.08376138657331467,0.20943625271320343,0.17348617315292358,0.7266839742660522,0.4803294539451599,0.9630219340324402,0.19957450032234192,0.1388264298439026,0.28512150049209595,-37.92570495605469,-0.7151724993769976
0.07898399233818054,0.07474814355373383,0.9166491031646729,0.8332487344741821,0.6137464046478271,0.48547473549842834,0.8171943426132202,0.23968861997127533,0.688242495059967,0.6770188212394714,0.6853034496307373,-36.10969924926758,-0.6134815885303977
0.21023868024349213,0.8784206509590149,0.6818870306015015,0.9006596207618713,0.7165848016738892,0.15750639140605927,0.3513347804546356,0.8100937604904175,0.03463667258620262,0.4978320002555847,0.4033699631690979,-39.0,-0.6336446698041083
0.6534215807914734,0.24231180548667908,0.31751662492752075,0.024474523961544037,0.023528169840574265,0.9301406145095825,0.9461123943328857,0.018416356295347214,0.5467840433120728,0.9440127015113831,0.5031578540802002,-38.0607795715332,-0.8502856322229131
0.07001131543488502,0.09302953107020882,0.8772658602723964,0.569690030970514,0.4554453667012709,0.7405656397342683,0.9099542982601406,0.25542139959561433,0.3942905479312271,0.9413567984046075,0.9003581764975592,-37.95045852661133,-0.7247798292845371
0.2365814286137285,0.05180796444958966,0.8137861993661601,0.9577634707515245,0.2532810375688438,0.7939894735813141,0.7757056648748104,0.1659325273698075,0.3613153123976567,0.9435687208668682,0.8349513126032775,-38.01021194458008,-0.7611188214711183
