train_X_1,train_X_2,train_X_3,train_X_4,train_X_5,train_X_6,train_X_7,train_X_8,train_X_9,train_X_10,train_X_11,train_Y,C1
0.47510719299316406,0.592523992061615,0.4944792091846466,0.3138517439365387,0.9560918211936951,0.08330223709344864,0.09876348823308945,0.3474661111831665,0.8469153642654419,0.7615082859992981,0.8828067779541016,-39.000003814697266,-0.6379727577925032
0.9187631011009216,0.2862500250339508,0.5051088929176331,0.6896172165870667,0.27230095863342285,0.8246564269065857,0.6974778771400452,0.5748164057731628,0.3590169847011566,0.29750150442123413,0.02517954260110855,-38.02969741821289,-0.7816240438637349
0.5260750651359558,0.8038745522499084,0.08376138657331467,0.20943625271320343,0.17348617315292358,0.7266839742660522,0.4803294539451599,0.9630219340324402,0.19957450032234192,0.1388264298439026,0.28512150049209595,-37.92570495605469,-0.715172499597742
0.07898399233818054,0.07474814355373383,0.9166491031646729,0.8332487344741821,0.6137464046478271,0.48547473549842834,0.8171943426132202,0.23968861997127533,0.688242495059967,0.6770188212394714,0.6853034496307373,-36.10969924926758,-0.6134815887553648
0.21023868024349213,0.8784206509590149,0.6818870306015015,0.9006596207618713,0.7165848016738892,0.15750639140605927,0.3513347804546356,0.8100937604904175,0.03463667258620262,0.4978320002555847,0.4033699631690979,-39.0,-0.6336446696650937
0.6534215807914734,0.24231180548667908,0.31751662492752075,0.024474523961544037,0.023528169840574265,0.9301406145095825,0.9461123943328857,0.018416356295347214,0.5467840433120728,0.9440127015113831,0.5031578540802002,-38.0607795715332,-0.8502856321309373
0.07899666765045037,0.05026132822945049,0.9739182005131539,0.445739478539137,0.5779080012271081,0.7645016252994538,0.4222748617251949,0.40292554989982304,0.32093684623998797,0.4481326822553987,0.5668194225848623,-37.98224639892578,-0.7411609714523143
0.12281057683858664,0.013239052001539027,0.9680201393775747,0.47952863078666963,0.7845540575751244,0.27147631049156185,0.5921407989872087,0.05760621739995786,0.35065406296828533,0.7582863758457513,0.5348627552098634,-39.0,-0.6268179713456252
