train_X_1,train_X_2,train_X_3,train_X_4,train_X_5,train_X_6,train_X_7,train_X_8,train_X_9,train_X_10,train_X_11,train_Y
0.47510719299316406,0.592523992061615,0.4944792091846466,0.3138517439365387,0.9560918211936951,0.08330223709344864,0.09876348823308945,0.3474661111831665,0.8469153642654419,0.7615082859992981,0.8828067779541016,-39.000003814697266
0.9187631011009216,0.2862500250339508,0.5051088929176331,0.6896172165870667,0.27230095863342285,0.8246564269065857,0.6974778771400452,0.5748164057731628,0.3590169847011566,0.29750150442123413,0.02517954260110855,-39.0
0.5260750651359558,0.8038745522499084,0.08376138657331467,0.20943625271320343,0.17348617315292358,0.7266839742660522,0.4803294539451599,0.9630219340324402,0.19957450032234192,0.1388264298439026,0.28512150049209595,-37.99725341796875
0.40219996024058513,0.9874150909807493,0.018813930001301254,0.0,0.0001293224148566877,0.7059450357219667,0.38360958676710893,1.0,0.0,0.0,0.3616928594592338,-39.0
0.5402936075279623,0.8098247064692985,0.09247023412608123,0.20697809565079764,0.1828934138370363,0.5408399135975405,0.4087394654945173,0.5552157875652485,0.25163939148601605,0.14185003720396508,0.4556251482324405,-39.0
0.5487267856306011,0.6844094100611557,0.10284721897892965,0.20193235138573612,0.2927601074200135,0.721506112087898,0.4351244701236305,0.9619010385378394,0.21079194193729966,0.13970474656908213,0.2883711067413345,-37.98301696777344
