train_X_1,train_X_2,train_X_3,train_X_4,train_X_5,train_X_6,train_X_7,train_X_8,train_X_9,train_X_10,train_X_11,train_Y,C1
0.47510719299316406,0.592523992061615,0.4944792091846466,0.3138517439365387,0.9560918211936951,0.08330223709344864,0.09876348823308945,0.3474661111831665,0.8469153642654419,0.7615082859992981,0.8828067779541016,-39.0,-0.6379727579217869
0.5260750651359558,0.8038745522499084,0.08376138657331467,0.20943625271320343,0.17348617315292358,0.7266839742660522,0.4803294539451599,0.9630219340324402,0.19957450032234192,0.1388264298439026,0.28512150049209595,-37.92570495605469,-0.715172499613427
0.07898399233818054,0.07474814355373383,0.9166491031646729,0.8332487344741821,0.6137464046478271,0.48547473549842834,0.8171943426132202,0.23968861997127533,0.688242495059967,0.6770188212394714,0.6853034496307373,-36.10969924926758,-0.6134815884460595
0.21023868024349213,0.8784206509590149,0.6818870306015015,0.9006596207618713,0.7165848016738892,0.15750639140605927,0.3513347804546356,0.8100937604904175,0.03463667258620262,0.4978320002555847,0.4033699631690979,-39.0,-0.6336446695703631
0.7924570441246033,0.728594958782196,0.7713541388511658,0.5130106210708618,0.43691837787628174,0.5274493098258972,0.2277735471725464,0.3792933523654938,0.8868076205253601,0.6173400282859802,0.8056855201721191,-36.52709197998047,-0.6107896580260784
0.3448929786682129,0.3922916650772095,0.2292417585849762,0.38877853751182556,0.869843065738678,0.2550210654735565,0.5685141682624817,0.667205810546875,0.3755214214324951,0.06571610271930695,0.16328158974647522,-39.0,-0.6278337851734239
0.35956814264580006,0.007816654287186742,0.8970846628792458,0.5435603960568507,0.8232045532204324,0.5192663729190826,0.42843749757111094,0.5250255393452908,0.3659244524507774,0.5605807824714097,0.8999847516122543,-36.479148864746094,-0.6112609224484156
0.11712364659248325,0.09638322259105006,0.9888097223463006,0.6711348620559534,0.9324923490542858,0.5153142511844635,0.720617847852496,0.2371246799399673,0.28967547418143286,0.5133479274100864,0.6542487698844865,-36.4534797668457,-0.6115134727277021
