train_X_1,train_X_2,train_X_3,train_X_4,train_X_5,train_X_6,train_X_7,train_X_8,train_X_9,train_X_10,train_X_11,train_Y,C1
0.47510719299316406,0.592523992061615,0.4944792091846466,0.3138517439365387,0.9560918211936951,0.08330223709344864,0.09876348823308945,0.3474661111831665,0.8469153642654419,0.7615082859992981,0.8828067779541016,-39.0,-0.5194912431523778
0.9187631011009216,0.2862500250339508,0.5051088929176331,0.6896172165870667,0.27230095863342285,0.8246564269065857,0.6974778771400452,0.5748164057731628,0.3590169847011566,0.29750150442123413,0.02517954260110855,-39.0,-0.30579527093319575
0.7680941104888916,0.6910858988761902,0.09919703379273412,0.5385897176173092,0.6616760542267025,0.3736326143917893,0.49716171015822896,0.16418716891416169,0.8345664945383588,0.45870576196133717,0.8356214511804637,-38.00332260131836,-0.4446124423396902
0.432134831107738,0.32696397438056324,0.11278571594053394,0.9250720040705563,0.9948219852383389,0.7330991587396316,0.54083765734756,0.5608399548087322,0.9675179366591352,0.6461055784743986,0.9045618457253943,-39.0,-0.7626641310876923
