train_X_1,train_X_2,train_X_3,train_X_4,train_X_5,train_X_6,train_X_7,train_X_8,train_X_9,train_X_10,train_X_11,train_Y,C1
0.47510719299316406,0.592523992061615,0.4944792091846466,0.3138517439365387,0.9560918211936951,0.08330223709344864,0.09876348823308945,0.3474661111831665,0.8469153642654419,0.7615082859992981,0.8828067779541016,-39.0,-0.6379727579644277
0.07898399233818054,0.07474814355373383,0.9166491031646729,0.8332487344741821,0.6137464046478271,0.48547473549842834,0.8171943426132202,0.23968861997127533,0.688242495059967,0.6770188212394714,0.6853034496307373,-36.10969924926758,-0.6134815884871455
0.21023868024349213,0.8784206509590149,0.6818870306015015,0.9006596207618713,0.7165848016738892,0.15750639140605927,0.3513347804546356,0.8100937604904175,0.03463667258620262,0.4978320002555847,0.4033699631690979,-39.0,-0.6336446697072728
0.7924570441246033,0.728594958782196,0.7713541388511658,0.5130106210708618,0.43691837787628174,0.5274493098258972,0.2277735471725464,0.3792933523654938,0.8868076205253601,0.6173400282859802,0.8056855201721191,-36.52709197998047,-0.6107896578430161
0.3448929786682129,0.3922916650772095,0.2292417585849762,0.38877853751182556,0.869843065738678,0.2550210654735565,0.5685141682624817,0.667205810546875,0.3755214214324951,0.06571610271930695,0.16328158974647522,-39.0,-0.6278337849401606
0.27437686920166016,0.8253282904624939,0.8673667907714844,0.09812909364700317,0.3675693869590759,0.4237841069698334,0.2991349697113037,0.8380923867225647,0.10022838413715363,0.7318693399429321,0.22867296636104584,-33.55675506591797,-0.6173892062116471
0.22324581586831302,0.4491598826692555,0.7592957797474356,0.4170558789421371,0.45145409730418323,0.47118811011314393,0.31128118071917044,0.7019095714957646,0.07537859738315,0.3444626064325497,0.2741535862600336,-35.82948303222656,-0.6143533350498629
0.16977690402403597,0.6421085758533096,0.8827723591680297,0.4216573009346313,0.398286842073027,0.39636947512626647,0.5335406686974011,0.526427048240669,0.35287022088513037,0.7282121521304277,0.050424945429860805,-30.28019142150879,-0.619138564328422
