train_X_1,train_X_2,train_X_3,train_X_4,train_X_5,train_X_6,train_X_7,train_X_8,train_X_9,train_X_10,train_X_11,train_Y,C1
0.47510719299316406,0.592523992061615,0.4944792091846466,0.3138517439365387,0.9560918211936951,0.08330223709344864,0.09876348823308945,0.3474661111831665,0.8469153642654419,0.7615082859992981,0.8828067779541016,-39.0,-0.6379727579653531
0.07898399233818054,0.07474814355373383,0.9166491031646729,0.8332487344741821,0.6137464046478271,0.48547473549842834,0.8171943426132202,0.23968861997127533,0.688242495059967,0.6770188212394714,0.6853034496307373,-36.10969924926758,-0.6134815887132603
0.21023868024349213,0.8784206509590149,0.6818870306015015,0.9006596207618713,0.7165848016738892,0.15750639140605927,0.3513347804546356,0.8100937604904175,0.03463667258620262,0.4978320002555847,0.4033699631690979,-39.0,-0.633644669653819
0.7924570441246033,0.728594958782196,0.7713541388511658,0.5130106210708618,0.43691837787628174,0.5274493098258972,0.2277735471725464,0.3792933523654938,0.8868076205253601,0.6173400282859802,0.8056855201721191,-36.52709197998047,-0.6107896581311252
0.3448929786682129,0.3922916650772095,0.2292417585849762,0.38877853751182556,0.869843065738678,0.2550210654735565,0.5685141682624817,0.667205810546875,0.3755214214324951,0.06571610271930695,0.16328158974647522,-39.0,-0.6278337855577345
0.27437686920166016,0.8253282904624939,0.8673667907714844,0.09812909364700317,0.3675693869590759,0.4237841069698334,0.2991349697113037,0.8380923867225647,0.10022838413715363,0.7318693399429321,0.22867296636104584,-33.55675506591797,-0.6173892061041546
0.007230672662374005,0.7821101538401599,0.8809947262589504,0.4345331353559878,0.259805487422128,0.7549977719783784,0.40690714898307195,0.9089619234591219,0.010183048442133852,0.6260330045289123,0.2555725803805369,-37.970741271972656,-0.7346690704848309
0.1949240000556415,0.792943862304029,0.7932843381213388,0.37274068579582503,0.4031096521820636,0.5038132607936859,0.2015341138726015,0.9964382274722098,0.23239078028132393,0.3875948493085197,0.1285751752348764,-36.31672668457031,-0.6122800747438488
