train_X_1,train_X_2,train_X_3,train_X_4,train_X_5,train_X_6,train_X_7,train_X_8,train_X_9,train_X_10,train_X_11,train_Y,C1
0.47510719299316406,0.592523992061615,0.4944792091846466,0.3138517439365387,0.9560918211936951,0.08330223709344864,0.09876348823308945,0.3474661111831665,0.8469153642654419,0.7615082859992981,0.8828067779541016,-39.0,-0.6379727580904363
0.5260750651359558,0.8038745522499084,0.08376138657331467,0.20943625271320343,0.17348617315292358,0.7266839742660522,0.4803294539451599,0.9630219340324402,0.19957450032234192,0.1388264298439026,0.28512150049209595,-37.92570495605469,-0.7151724993646738
0.07898399233818054,0.07474814355373383,0.9166491031646729,0.8332487344741821,0.6137464046478271,0.48547473549842834,0.8171943426132202,0.23968861997127533,0.688242495059967,0.6770188212394714,0.6853034496307373,-36.10969924926758,-0.6134815879677865
0.21023868024349213,0.8784206509590149,0.6818870306015015,0.9006596207618713,0.7165848016738892,0.15750639140605927,0.3513347804546356,0.8100937604904175,0.03463667258620262,0.4978320002555847,0.4033699631690979,-39.0,-0.6336446696837226
0.7924570441246033,0.728594958782196,0.7713541388511658,0.5130106210708618,0.43691837787628174,0.5274493098258972,0.2277735471725464,0.3792933523654938,0.8868076205253601,0.6173400282859802,0.8056855201721191,-36.52709197998047,-0.6107896580157581
0.3448929786682129,0.3922916650772095,0.2292417585849762,0.38877853751182556,0.869843065738678,0.2550210654735565,0.5685141682624817,0.667205810546875,0.3755214214324951,0.06571610271930695,0.16328158974647522,-39.0,-0.6278337849814369
0.45470600900336716,0.016701851314184748,0.7568848603357878,0.7626207226601251,0.5544656953968271,0.5142201483249664,0.951457155272746,0.15214028888918088,0.6070808914871136,0.32795370748000313,0.6363510212107186,-36.4460563659668,-0.6116240618377826
0.23208361356521687,0.12720020439421686,0.6322623070553881,0.5874161841359757,0.27658495878362144,0.47356370091438293,0.9801636031545655,0.004457384840180637,0.9560070204146072,0.4297818036082969,0.32302699363433224,-35.869808197021484,-0.6142711899955144
