train_X_1,train_X_2,train_X_3,train_X_4,train_X_5,train_X_6,train_X_7,train_X_8,train_X_9,train_X_10,train_X_11,train_Y,C1
0.47510719299316406,0.592523992061615,0.4944792091846466,0.3138517439365387,0.9560918211936951,0.08330223709344864,0.09876348823308945,0.3474661111831665,0.8469153642654419,0.7615082859992981,0.8828067779541016,-39.0,-0.6379727577473545
0.5260750651359558,0.8038745522499084,0.08376138657331467,0.20943625271320343,0.17348617315292358,0.7266839742660522,0.4803294539451599,0.9630219340324402,0.19957450032234192,0.1388264298439026,0.28512150049209595,-37.92570495605469,-0.7151725002104413
0.07898399233818054,0.07474814355373383,0.9166491031646729,0.8332487344741821,0.6137464046478271,0.48547473549842834,0.8171943426132202,0.23968861997127533,0.688242495059967,0.6770188212394714,0.6853034496307373,-36.10969924926758,-0.6134815888662226
0.21023868024349213,0.8784206509590149,0.6818870306015015,0.9006596207618713,0.7165848016738892,0.15750639140605927,0.3513347804546356,0.8100937604904175,0.03463667258620262,0.4978320002555847,0.4033699631690979,-38.999996185302734,-0.633644669553495
0.7924570441246033,0.728594958782196,0.7713541388511658,0.5130106210708618,0.43691837787628174,0.5274493098258972,0.2277735471725464,0.3792933523654938,0.8868076205253601,0.6173400282859802,0.8056855201721191,-36.52709197998047,-0.6107896581828804
0.3448929786682129,0.3922916650772095,0.2292417585849762,0.38877853751182556,0.869843065738678,0.2550210654735565,0.5685141682624817,0.667205810546875,0.3755214214324951,0.06571610271930695,0.16328158974647522,-39.0,-0.627833784932708
0.07920338867869026,0.1668245535596098,0.8526552125067894,0.6581423317333112,0.976228237674951,0.44051721692085266,0.5444143389006282,0.03727319980662679,0.6956244299897398,0.8210368178276802,0.9973473456983868,-34.64427185058594,-0.6163310065959855
0.014319153368931815,0.02718588581079149,0.5658029149693273,0.7282909761108158,0.8259813137853683,0.45215428471565244,0.46341429708837295,0.051470211902265195,0.4534645719429713,0.4522377679901181,0.9526806004681362,-35.268795013427734,-0.6155690313606657
