train_X_1,train_X_2,train_X_3,train_X_4,train_X_5,train_X_6,train_X_7,train_X_8,train_X_9,train_X_10,train_X_11,train_Y
0.47510719299316406,0.592523992061615,0.4944792091846466,0.3138517439365387,0.9560918211936951,0.08330223709344864,0.09876348823308945,0.3474661111831665,0.8469153642654419,0.7615082859992981,0.8828067779541016,-39.0
0.7569488380104303,0.5728284567594528,0.4899008236825466,0.7117076767608523,0.4960895851254463,0.9556204183027148,0.48052910808473825,0.46152191888540983,0.9861321980133653,0.40593866538256407,0.4400010472163558,-39.0
