train_X_1,train_X_2,train_X_3,train_X_4,train_X_5,train_X_6,train_X_7,train_X_8,train_X_9,train_X_10,train_X_11,train_Y
0.6762414574623108,0.4529557228088379,0.909142792224884,0.1296190321445465,0.7578315734863281,0.07400402426719666,0.4100181460380554,0.27440503239631653,0.20715518295764923,0.9872729182243347,0.42121943831443787,-39.0
0.37521734833717346,0.969586193561554,0.2381565123796463,0.7838170528411865,0.10514853149652481,0.9123017191886902,0.8193234801292419,0.7070851922035217,0.6006964445114136,0.15853457152843475,0.5814332365989685,-38.56058883666992
0.21882194686831902,0.7374330552438628,0.4103610234282216,0.9833493310166349,0.16000209796031944,0.9795937856995928,0.5822617708822758,0.4149481178467235,0.5910303884181756,0.13292810434623106,0.6478822346841231,-38.435157775878906
0.0,0.0,1.0,1.0,1.0,1.0,0.0,0.0,0.0,1.0,1.0,-38.971187591552734
