train_X_1,train_X_2,train_X_3,train_X_4,train_X_5,train_X_6,train_X_7,train_X_8,train_X_9,train_X_10,train_X_11,train_Y
0.8644335865974426,0.33044615387916565,0.00904441811144352,0.8777146935462952,0.4698264002799988,0.6619331240653992,0.4702170789241791,0.9533965587615967,0.7959728837013245,0.3731882572174072,0.049110304564237595,-39.0
0.33602792024612427,0.632240355014801,0.9842308759689331,0.1947636902332306,0.5013972520828247,0.44135165214538574,0.7216366529464722,0.036225732415914536,0.4659414291381836,0.713085949420929,0.7623926401138306,-38.373130798339844
0.7678654251324336,0.16400989760421528,0.98302564193777,0.16077676651060885,0.20659895427594807,0.06671337703028901,0.21386685878432551,0.0,0.7311028985774951,0.3309009822338087,0.48364429278269994,-39.0
0.22087894624337395,0.7155480083707304,1.0,0.09033164485922841,0.5363375474378947,0.42894131061874136,0.7977936753317559,0.0,0.39750332106672337,0.796143845659191,0.9013167144665636,-39.0
