train_X_1,train_X_2,train_X_3,train_X_4,train_X_5,train_X_6,train_X_7,train_X_8,train_X_9,train_X_10,train_X_11,train_Y
0.5413655638694763,0.9735496640205383,0.568636417388916,0.7545557022094727,0.14285564422607422,0.2457166612148285,0.03079184889793396,0.840851902961731,0.37644481658935547,0.3326466381549835,0.48659375309944153,-39.0
0.3343855505809188,0.3927807677537203,0.15091943554580212,0.11102140694856644,0.009800571016967297,0.7353256978094578,0.37862748745828867,0.2833773186430335,0.16593465488404036,0.7966286353766918,0.2883978048339486,-39.0
