train_X_1,train_X_2,train_X_3,train_X_4,train_X_5,train_X_6,train_X_7,train_X_8,train_X_9,train_X_10,train_X_11,train_Y
0.7725313901901245,0.08453375846147537,0.5755996108055115,0.25889188051223755,0.09333620965480804,0.31251856684684753,0.08630100637674332,0.8208988308906555,0.2334158718585968,0.35988906025886536,0.07512953132390976,-39.0
0.10227376967668533,0.8591228127479553,0.26983654499053955,0.8415125012397766,0.7544171810150146,0.7830518484115601,0.732833743095398,0.23253567516803741,0.540727436542511,0.7097566723823547,0.5075736045837402,-38.594329833984375
0.0375739152911293,0.9228581665735481,0.2996868716762598,0.879328765832506,0.8127258522069118,0.7638784348159459,0.7008259767582256,0.3152188471348547,0.630745331404416,0.49777159807828836,0.4427260349758169,-39.0
0.1100361080171002,0.8536490682663649,0.2582607196266971,0.837058417301528,0.7488068562008995,0.7941525184941252,0.7483788643275253,0.20292734998658588,0.5172033886525226,0.7684607339183837,0.5310204286514467,-38.59684753417969
