train_X_1,train_X_2,train_X_3,train_X_4,train_X_5,train_X_6,train_X_7,train_X_8,train_X_9,train_X_10,train_X_11,train_Y
0.7795575857162476,0.5662086606025696,0.7110251784324646,0.9930156469345093,0.48719140887260437,0.4568599462509155,0.3983164131641388,0.35686540603637695,0.21288520097732544,0.46030446887016296,0.5862320065498352,-39.0
0.36609402298927307,0.1374550759792328,0.185345858335495,0.1331646740436554,0.6247918605804443,0.5299695134162903,0.8118777871131897,0.5729982852935791,0.5586419105529785,0.5784837603569031,0.31235694885253906,-39.0
0.9442571820691228,0.594411856494844,0.3295925222337246,0.6553736440837383,0.6868832865729928,0.5729636456817389,0.0716649629175663,0.05459084268659353,0.3838833989575505,0.614823947660625,0.34485669806599617,-38.63252639770508
0.8735596574345261,0.6726268911136434,0.13999266963811638,0.49572710752409677,0.7375908796420173,0.26875177734823835,0.06296475502068302,0.09865415979940276,0.9643083588632522,0.462961168608509,0.6966787818814314,-39.0
