train_X_1,train_X_2,train_X_3,train_X_4,train_X_5,train_X_6,train_X_7,train_X_8,train_X_9,train_X_10,train_X_11,train_Y
0.47510719299316406,0.592523992061615,0.4944792091846466,0.3138517439365387,0.9560918211936951,0.08330223709344864,0.09876348823308945,0.3474661111831665,0.8469153642654419,0.7615082859992981,0.8828067779541016,-39.0
0.9187631011009216,0.2862500250339508,0.5051088929176331,0.6896172165870667,0.27230095863342285,0.8246564269065857,0.6974778771400452,0.5748164057731628,0.3590169847011566,0.29750150442123413,0.02517954260110855,-39.0
0.18607547599822283,0.770071480423212,0.37332938332110643,0.6201717015355825,0.5061521269381046,0.35242466628551483,0.1717193555086851,0.5825528213754296,0.7123581683263183,0.7520807320252061,0.8980543036013842,-39.0
0.5290828812867403,0.4683010783046484,0.6284187408164144,0.30814792588353157,0.6430494096130133,0.49798818677663803,0.025746608152985573,0.5568313216790557,0.4337821416556835,0.40013026539236307,0.20591351948678493,-37.956146240234375
