train_X_1,train_X_2,train_X_3,train_X_4,train_X_5,train_X_6,train_X_7,train_X_8,train_X_9,train_X_10,train_X_11,train_Y
0.24677146971225739,0.8293651342391968,0.11023460328578949,0.9262149930000305,0.7204490303993225,0.9486080408096313,0.22542797029018402,0.9033643007278442,0.6357450485229492,0.8851445913314819,0.010407788679003716,-39.0
0.03892772924154997,0.44556168001145124,0.6385335279628634,0.06495242938399315,0.9414284359663725,0.9880485953763127,0.32490438036620617,0.7659861007705331,0.588806931860745,0.827137678861618,0.29363204538822174,-39.0
