train_X_1,train_X_2,train_X_3,train_X_4,train_X_5,train_X_6,train_X_7,train_X_8,train_X_9,train_X_10,train_X_11,train_Y
0.016614168882369995,0.8384753465652466,0.3296121060848236,0.19418276846408844,0.8095037937164307,0.7331536412239075,0.584922194480896,0.6649792790412903,0.021189004182815552,0.34776240587234497,0.6629781126976013,-39.0
0.4158637998625636,0.3010062137618661,0.9732369091361761,0.14555709436535835,0.052067759446799755,0.7332951594144106,0.5559525862336159,0.4293172340840101,0.22561755124479532,0.895029635168612,0.0519603006541729,-39.0
