train_X_1,train_X_2,train_X_3,train_X_4,train_X_5,train_X_6,train_X_7,train_X_8,train_X_9,train_X_10,train_X_11,train_Y
0.7200194597244263,0.36689290404319763,0.1447998285293579,0.8267273306846619,0.40183523297309875,0.9224852323532104,0.4132833778858185,0.4976641833782196,0.4120171368122101,0.9787774682044983,0.6655023694038391,-38.855594635009766
0.22636087238788605,0.6959359049797058,0.8896036744117737,0.09000515937805176,0.850566565990448,0.45836639404296875,0.9494062662124634,0.911736011505127,0.8545103073120117,0.3017640709877014,0.005795407108962536,-39.0
0.8788540798770083,0.2768886600747369,0.12309190960740413,0.8935260101026914,0.19271147124688157,0.93274518736731,0.7171256019256034,0.7017598633232001,0.20356163093027918,0.9604919838965175,0.7856021558879444,-38.999996185302734
0.6666710753432028,0.39100534222106564,0.1377114361793378,0.8105437034873753,0.4571108969171662,0.9210708279461339,0.34595495339760435,0.4597229661851542,0.4589354995913987,0.9799802486764564,0.6420332159755809,-38.77674102783203
