train_X_1,train_X_2,train_X_3,train_X_4,train_X_5,train_X_6,train_X_7,train_X_8,train_X_9,train_X_10,train_X_11,train_Y,C1
0.47510719299316406,0.592523992061615,0.4944792091846466,0.3138517439365387,0.9560918211936951,0.08330223709344864,0.09876348823308945,0.3474661111831665,0.8469153642654419,0.7615082859992981,0.8828067779541016,-39.0,-0.519491242192269
0.9187631011009216,0.2862500250339508,0.5051088929176331,0.6896172165870667,0.27230095863342285,0.8246564269065857,0.6974778771400452,0.5748164057731628,0.3590169847011566,0.29750150442123413,0.02517954260110855,-39.0,-0.3057952710900631
0.6495724678039551,0.5333683133125305,0.8516274273395539,0.14779299086057138,0.9490926135174454,0.0016549951986343044,0.05436116466872089,0.04872369206800951,0.6137414204721161,0.3998686298524206,0.5712172114497776,-39.0,-0.19465447798443752
0.38541839122772215,0.44708915948867795,0.6368398010730744,0.03908168842884576,0.758360620992151,0.13229811422131368,0.04541799293661136,0.06927896267718517,0.9855152173489898,0.4449135080827398,0.8898474311846257,-38.51670455932617,-0.16789836191154492
