train_X_1,train_X_2,train_X_3,train_X_4,train_X_5,train_X_6,train_X_7,train_X_8,train_X_9,train_X_10,train_X_11,train_Y,C1
0.7725313901901245,0.08453375846147537,0.5755996108055115,0.25889188051223755,0.09333620965480804,0.31251856684684753,0.08630100637674332,0.8208988308906555,0.2334158718585968,0.35988906025886536,0.07512953132390976,-39.0,0.015230141999028345
0.10227376967668533,0.8591228127479553,0.26983654499053955,0.8415125012397766,0.7544171810150146,0.7830518484115601,0.732833743095398,0.23253567516803741,0.540727436542511,0.7097566723823547,0.5075736045837402,-38.594329833984375,-0.1759051441864996
0.06599630548672131,0.87718538461476,0.1952292468420531,0.8164890030471732,0.9251306730265412,0.3871692725031476,0.8938418019741932,0.3832487593572383,0.7238753914833069,0.7201458714532407,0.1786351203918457,-38.55305099487305,-0.13469331103855503
0.21830101514394662,0.7254986405501617,0.3852715298150987,0.637197500528495,0.9558396175665838,0.07022061715715976,0.7789512184220413,0.7109784766449395,0.9631278457005592,0.5280391388789687,0.09390140355326936,-38.28818130493164,-0.015924542586368134
