train_X_1,train_X_2,train_X_3,train_X_4,train_X_5,train_X_6,train_X_7,train_X_8,train_X_9,train_X_10,train_X_11,train_Y
0.8194494247436523,0.00011238642036914825,0.004474041052162647,0.6230154037475586,0.9484156370162964,0.43170878291130066,0.3228144347667694,0.5196389555931091,0.7053389549255371,0.5387197732925415,0.7026172280311584,-39.0
0.5496472120285034,0.6176223158836365,0.9781072735786438,0.32633480429649353,0.5166797041893005,0.018042173236608505,0.6433751583099365,0.9951831698417664,0.9616268277168274,0.9761475920677185,0.7762286067008972,-39.0
0.1586044104769826,0.11215886007994413,0.0769277373328805,0.11458165571093559,0.12823798414319754,0.5212092958390713,0.22280282620340586,0.8368091387674212,0.5709064323455095,0.9042909387499094,0.9483259245753288,-39.0
0.3868984645232558,0.28385162353515625,0.8558785188943148,0.04617347568273544,0.08330266363918781,0.29335790127515793,0.8232721043750644,0.03626052662730217,0.34948730655014515,0.8394287545233965,0.4471631832420826,-39.0
