train_X_1,train_X_2,train_X_3,train_X_4,train_X_5,train_X_6,train_X_7,train_X_8,train_X_9,train_X_10,train_X_11,train_Y,C1
0.7200194597244263,0.36689290404319763,0.1447998285293579,0.8267273306846619,0.40183523297309875,0.9224852323532104,0.4132833778858185,0.4976641833782196,0.4120171368122101,0.9787774682044983,0.6655023694038391,-38.855594635009766,-0.06262045043244852
0.22636087238788605,0.6959359049797058,0.8896036744117737,0.09000515937805176,0.850566565990448,0.45836639404296875,0.9494062662124634,0.911736011505127,0.8545103073120117,0.3017640709877014,0.005795407108962536,-39.0,0.04645731996221905
0.43330226477203837,0.6770994352875676,0.3738839665005415,0.9049266666599735,0.1961544930934906,0.6482627162356863,0.6683842003345489,0.7071542918682099,0.14766803383827207,0.6074427367228502,0.3666879329503274,-38.652339935302734,-0.10361671030409121
0.7322582774978684,0.5534074155496103,0.5865482453884819,0.7591026070665534,0.4517810020499979,0.44114153815956636,0.32198262045621295,0.32827516964681175,0.24644456964016756,0.8889469001693142,0.5105453484936364,-38.610469818115234,-0.07503960815857211
