train_X_1,train_X_2,train_X_3,train_X_4,train_X_5,train_X_6,train_X_7,train_X_8,train_X_9,train_X_10,train_X_11,train_Y
0.776003360748291,0.5453800559043884,0.4252362847328186,0.027636105194687843,0.5669442415237427,0.9706116318702698,0.03910135105252266,0.38740673661231995,0.07719632238149643,0.9343929886817932,0.8311399221420288,-38.790687561035156
0.5131542086601257,0.17572332918643951,0.7103889584541321,0.7733407616615295,0.8216825127601624,0.5343933701515198,0.7130770683288574,0.1284961998462677,0.332282692193985,0.6253146529197693,0.5458267331123352,-38.54550552368164
0.3703638953048907,0.39555915010474296,0.7487134170994633,0.7756588837741765,0.42637802287834603,0.6528378776375307,0.7793074817411323,0.3958953260587352,0.017491619273684113,0.7398126596885277,0.820669341729724,-38.30895233154297
0.2985739587091774,0.5804195903212976,0.5394221689621973,0.7816031380837575,0.2970237047146853,0.7066342460181522,0.7988325896247147,0.2830559796349243,0.027594451854009144,0.8364887206622478,0.8777446342448775,-38.41937255859375
