train_X_1,train_X_2,train_X_3,train_X_4,train_X_5,train_X_6,train_X_7,train_X_8,train_X_9,train_X_10,train_X_11,train_Y,C1
0.016614168882369995,0.8384753465652466,0.3296121060848236,0.19418276846408844,0.8095037937164307,0.7331536412239075,0.584922194480896,0.6649792790412903,0.021189004182815552,0.34776240587234497,0.6629781126976013,-39.0,-0.7978022681229715
0.4095518835637382,0.48689173210387043,0.05357498876951677,0.33350397397298404,0.7581681851090053,0.4005465969779207,0.2161524474620819,0.3351026585544593,0.2827770883976598,0.3649369618841618,0.8525637821278622,-38.40904998779297,-0.3098327340118796
