train_X_1,train_X_2,train_X_3,train_X_4,train_X_5,train_X_6,train_X_7,train_X_8,train_X_9,train_X_10,train_X_11,train_Y,C1
0.24677146971225739,0.8293651342391968,0.11023460328578949,0.9262149930000305,0.7204490303993225,0.9486080408096313,0.22542797029018402,0.9033643007278442,0.6357450485229492,0.8851445913314819,0.010407788679003716,-39.0,-0.6876907513764122
0.13156048794943104,0.9877622386234719,0.48191170125593885,0.971307246773705,0.42505469649909117,0.9657497543324723,0.10149127816059514,0.7988606614887942,0.5778739248608815,0.6894578048056544,0.01450387391333581,-39.0,-0.6155437309070713
