train_X_1,train_X_2,train_X_3,train_X_4,train_X_5,train_X_6,train_X_7,train_X_8,train_X_9,train_X_10,train_X_11,train_Y
0.016613580286502838,0.6702279448509216,0.8618327975273132,0.9257493615150452,0.009146604686975479,0.7254033088684082,0.09143178910017014,0.12333087623119354,0.18885251879692078,0.8350352644920349,0.4680711627006531,-39.0
0.43627244234085083,0.06678862869739532,0.05504990369081497,0.13054218888282776,0.27200740575790405,0.9174534678459167,0.6878034472465515,0.4085019528865814,0.282427579164505,0.5777021050453186,0.07475121319293976,-39.0
0.35138694755733013,0.9426775593310595,0.8732162667438388,0.955294600687921,0.16113207396119833,0.5137315215542912,0.9494630824774504,0.4989308537915349,0.9594270037487149,0.8545061256736517,0.5617785155773163,-39.0
0.12010011170059443,0.5217319037765265,0.7906439770013094,0.8926492994651198,0.7406501173973083,0.8062654137611389,0.5575265083462,0.324700566008687,0.1179729700088501,0.9459130810573697,0.8355673970654607,-39.0
