train_X_1,train_X_2,train_X_3,train_X_4,train_X_5,train_X_6,train_X_7,train_X_8,train_X_9,train_X_10,train_X_11,train_Y,C1
0.5413655638694763,0.9735496640205383,0.568636417388916,0.7545557022094727,0.14285564422607422,0.2457166612148285,0.03079184889793396,0.840851902961731,0.37644481658935547,0.3326466381549835,0.48659375309944153,-39.0,-0.1207354697804147
0.40427595376968384,0.9791839655700123,0.8242898464202881,0.37089194453488616,0.47114487417638884,0.05309233647064744,0.2732515750886222,0.497705004217336,0.01887739552341472,0.11785593059440017,0.21219415068626402,-39.0,-0.1511294555481322
